<avosScreenflow xmlns="http://schemas.active-endpoints.com/appmodules/screenflow/2010/10/avosScreenflow.xsd" xmlns:types1="http://schemas.active-endpoints.com/appmodules/repository/2010/10/avrepository.xsd" xmlns:aetgt="http://schemas.active-endpoints.com/appmodules/repository/2010/10/avrepository.xsd" xmlns:list="urn:activevos:spi:list:functions" allowRestart="true" doneOnEndStep="true" name="Manage Retry Configuration" runAsUser="$current"><description/><appliesTo/><tags>DEMO,JB</tags><generator>Informatica Screenflow Designer 8</generator><tempFields><field name="retryConfiguration" type="reference"><options><option name="referenceTo">$po:RetryConfiguration</option><option name="required">false</option><option name="isCopy">true</option></options></field></tempFields><runOn target="desktop"/><notes/><deployment/><sendFeedback><emailTo/></sendFeedback><flow><startScreen id="j51f34gk"><title>Start</title><body contentType="text/html"/><actions><action alt="" id="j51f34gk_j52qpu6p" targetScreen="j52qpu6p"><text>Continue</text></action></actions><screenData skipIfRequiredFilled="true"/></startScreen><screen id="j51f34gl"><title>Set Retry paramters</title><body contentType="text/html">&lt;table cellpadding="5"&gt;
&lt;tbody&gt;
&lt;tr&gt;
&lt;td&gt;Parameter&amp;nbsp;&lt;/td&gt;
&lt;td&gt;Value&lt;/td&gt;
&lt;/tr&gt;
&lt;tr&gt;
&lt;td&gt;Retry Count&lt;/td&gt;
&lt;td&gt;&lt;input title="retryConfiguration&gt;retryCount" name="temp.retryConfiguration[1]/retryCount" type="text" value="retryConfiguration&gt;retryCount"&gt;&amp;nbsp;&lt;/td&gt;
&lt;/tr&gt;
&lt;tr&gt;
&lt;td&gt;Retry Interval (s)&lt;/td&gt;
&lt;td&gt;&lt;input title="retryConfiguration&gt;retryInterval" name="temp.retryConfiguration[1]/retryInterval" type="text" value="retryConfiguration&gt;retryInterval"&gt; &amp;nbsp;&lt;/td&gt;
&lt;/tr&gt;
&lt;/tbody&gt;
&lt;/table&gt;</body><actionPrompt/><actions><action alt="null" id="j51f34gl_j51f34ha" targetScreen="j51f34ha"><text>Save</text></action><action alt="null" id="j51f34gl_j51f34gw" targetScreen="j51f34gw"><text>Exit</text></action></actions><screenData skipIfRequiredFilled="false"><screenDataItem name="temp.retryConfiguration[1]/retryCount" readonly="false" required="false" type="int"><options><option name="required">false</option></options></screenDataItem><screenDataItem name="temp.retryConfiguration[1]/retryInterval" readonly="false" required="false" type="int"><options><option name="required">false</option></options></screenDataItem></screenData></screen><screen id="j52mbrjt"><title>Configuration Uploaded</title><body contentType="text/html">&lt;p&gt;Configuration&lt;/p&gt;
&lt;p&gt;&lt;strong&gt;Cloud&lt;/strong&gt;&lt;/p&gt;
&lt;p&gt;&lt;strong&gt; &lt;input style="-moz-appearance: none; background-color: lightgrey; border: none;" name="output.file_uri" readonly="readonly" type="text" value="file_uri (output)"&gt;&amp;nbsp;&lt;/strong&gt;&lt;/p&gt;
&lt;p&gt;&lt;input class="" style="-moz-appearance: none; background-color: lightgrey; border: none;" name="output.file_url" readonly="readonly" type="text" value="file_url (output)"&gt;&amp;nbsp;&lt;/p&gt;</body><actionPrompt/><actions><action alt="" id="j52mbrjt_j52qpu7p" targetScreen="j52qpu7p"><text>Continue</text></action></actions><screenData skipIfRequiredFilled="false"><screenDataItem name="output.file_url" readonly="true" required="false" type="url"><options><option name="urlDisplayReadonlyAs">Link</option><option name="required">false</option></options></screenDataItem><screenDataItem name="output.file_uri" readonly="true" required="false" type="string"><options><option name="required">false</option></options></screenDataItem></screenData></screen><endScreen dontShowScreen="true" id="j51f34gr"><title/><body contentType="text/html"/><redirectTo type="current_object"/><screenActionLabel><text>Done</text></screenActionLabel></endScreen><empty gatewayType="exclusive" id="j51f34gw"><actions><action alt="null" id="j51f34gw_j51f34gr" targetScreen="j51f34gr"><text>Continue</text></action></actions></empty><jumpTo id="j52qpu7p" targetTitle="Assignment"><actions><action alt="null" id="j52qpu7p_j52qpu6p" targetScreen="j52qpu6p"><text>Continue</text></action></actions></jumpTo><callProcess id="j51f34ha"><title>updateRetryConfiguration</title><subflowPath>updateRetryConfiguration</subflowPath><runAsUser>$current</runAsUser><serviceInput><parameter id="j52mbrjb" name="retryConfiguration" source="field" updatable="true">temp.retryConfiguration</parameter></serviceInput><subflowOutput><field name="file_uri" type="string"><options><option name="required">false</option></options></field><field name="file_url" type="url"><options><option name="urlDisplayReadonlyAs">Link</option><option name="required">false</option></options></field></subflowOutput><actions><action alt="null" id="j51f34ha_j52mbrjt" targetScreen="j52mbrjt"><text>Continue</text></action></actions></callProcess><assignment id="j52qpu6p"><title>Assignment</title><operation source="formula" to="temp.retryConfiguration"><expression language="XQuery">(:default to project:/configuration/retry_config.xml:)
let $config_location := util:resolveURN("urn:retry:configuration")

let $config_uri := if ($config_location = "urn:retry:configuration") then
	"project:/configuration/retry_config.xml"
    else 
    $config_location
let $config_from_catalog := util:getCatalogResource($config_uri)
return
if (empty($config_from_catalog)) 
	then
        &lt;RetryConfiguration&gt;
           &lt;retryInterval&gt;10&lt;/retryInterval&gt;
           &lt;retryCount&gt;10&lt;/retryCount&gt;
        &lt;/RetryConfiguration&gt;
	else $config_from_catalog</expression></operation><actions><action alt="" id="j52qpu6p_j51f34gl" targetScreen="j51f34gl"><text>Continue</text></action></actions></assignment></flow></avosScreenflow>