<processObject xmlns="http://schemas.active-endpoints.com/appmodules/screenflow/2011/06/avosHostEnvironment.xsd" xmlns:types1="http://schemas.active-endpoints.com/appmodules/repository/2010/10/avrepository.xsd" xmlns:aetgt="http://schemas.active-endpoints.com/appmodules/repository/2010/10/avrepository.xsd" isByCopy="true" name="RetryConfiguration"><description>Retry parameters</description><tags>JB,DEMO</tags><detail><field label="retryInterval" name="retryInterval" type="int"/><field label="retryCount" name="retryCount" type="int"/></detail></processObject>