<process xmlns="http://schemas.active-endpoints.com/appmodules/screenflow/2010/10/avosScreenflow.xsd" xmlns:types1="http://schemas.active-endpoints.com/appmodules/repository/2010/10/avrepository.xsd" xmlns:aetgt="http://schemas.active-endpoints.com/appmodules/repository/2010/10/avrepository.xsd" xmlns:list="urn:activevos:spi:list:functions" name="updateRetryConfiguration"><appliesTo/><description/><tags>DEMO,JB</tags><generator>Informatica Process Designer 8</generator><input><parameter name="retryConfiguration" type="reference"><options><option name="referenceTo">$po:RetryConfiguration</option><option name="required">false</option><option name="isCopy">true</option></options></parameter></input><output><field name="file_uri" type="string"><options><option name="required">false</option></options></field><field name="file_url" type="url"><options><option name="urlDisplayReadonlyAs">Link</option><option name="required">false</option></options></field></output><tempFields><field name="tmp_script_out" type="string"><options><option name="required">false</option></options></field></tempFields><notes/><deployment suspendOnFault="false" tracingLevel="verbose"><rest/></deployment><flow id="a"><start id="b"><link id="j52m7hsh" targetId="j52m7hsg"/></start><service id="j52m7hsg"><title>putCatalogResource</title><serviceName>putCatalogResource</serviceName><serviceInput><parameter name="xml" source="formula"><expression language="XQuery">$input.retryConfiguration</expression></parameter><parameter name="uri" source="formula"><expression language="XQuery">(:default to project:/configuration/retry_config.xml:)
let $config_location := util:resolveURN("urn:retry:configuration")
return 
if ($config_location = "urn:retry:configuration") then
	"project:/configuration/retry_config.xml"
    else 
    $config_location</expression></parameter><parameter name="org_id" source="formula"><expression language="XQuery">util:getOrganizationId()</expression></parameter></serviceInput><link id="j52m7hsi" targetId="d"/></service><end id="d"/></flow></process>